id,nazwa,cena,skladniki,url,typ_wlosow,typ_skory,porowatosc
0,Syoss Curls&Waves,19,"Aqua (Water, Eau), Sodium Laureth Sulfate, Cocamidopropyl Betaine, Sodium Chloride, PEG-7 Glyceryl Cocoate, Hydrolyzed Keratin, Panthenol, Dimethicone, Sodium Benzoate, Parfum (Fragrance), Citric Acid, Amodimethicone, Guar Hydroxypropyltrimonium Chloride, PEG-40 Hydrogenated Castor Oil, Hydrogenated Castor Oil, Glycol Distearate, Laureth-4, PEG-120 Methyl Glucose Dioleate, Benzyl Salicylate, Hexyl Cinnamal, Laureth-23, Prunus Armeniaca (Apricot) Kernel Oil, Trideceth-10, Sodium Hydroxide, Citronellol, Tetramethyl Acetyloctahydronaphthalenes, Propylene Glycol, Limonene, Linalyl Acetate, Linalool, Phenoxyethanol, Sodium Salicylate",https://www.hebe.pl/syoss-szampon-do-wlosow-falowanych-i-kreconych-440-ml-000000000000376882.html
1,Dermedic Capilarte,34,"Aqua, Decyl Glucoside, Ammonium Lauryl Sulfate, Cocamidopropyl Hydroxysultaine, Cocamidopropyl Betaine, Polyquaternium-7, Laureth-9, Panthenol, Parfum, Potassium Sorbate, Sodium Benzoate, Citric Acid.",https://www.hebe.pl/dermedic-szampon-kojacy-do-skory-nadwrazliwej-300ml-000000000000303801.html
2,beBIO Ewa Chodakowska,29,"Aqua, Sodium Coco-Sulfate, Cocamidopropyl Betaine, Glycerin, Camellia Sinensis Leaf Extract, Phyllanthus Emblica Fruit Extract, Bisabolol, Fructose, Urea, Maltose, Sodium PCA, Trehalose, Allantoin, Sodium Hyaluronate, Glucose, Lactobacillus/Arundinaria Gigantea Ferment Filtrate, Leuconostoc/Radish Root Ferment Filtrate, Guar Hydroxypropyltrimonium Chloride, Pentylene Glycol, Sodium Chloride, Sodium Lactate, Maris Sal (Sea Salt), Citric Acid, Lactic Acid, Sodium Hydroxide, Sodium Benzoate, Potassium Sorbate, Parfum, Benzyl Salicylate, Hexyl Cinnamal, Limonene, Linalool.",https://www.hebe.pl/bebio-normalizujacy-szampon-do-wlosow-przetluszczajacych-sie-300-ml-000000000000409882.html
3,Sessio Hair Vege Cocktail,17,"Aqua, Sodium Lauroyl Methyl Isethionate, Cocamidopropyl Betaine, Mangifera Indica Fruit Extract, Carum Petroselinum Extract,  Polyquaternium-10, Glycerin, Phenoxyethanol, Caprylyl Glycol,Parfum, Polysorbate 20, , Sodium Chloride, Citric Acid, Sodium Benzoate, Potassium Sorbate.",https://www.hebe.pl/sessio-odzywczy-szampon-do-wlosow-z-ekstraktem-z-mango-300-g-000000000000364652.html
4,Yumi Malinowe Nawilżenie,22,"Aqua, Sodium Coco-Sulfate, Cocamidopropyl Betaine, Lauryl Glucoside, Aloe Barbadensis Leaf Juice, Rubus Idaeus Fruit Extract, Glycerin, Lysine, Glycine, Hydrogenated Vegetable Glycerides Citrate, Vitis Vinifera Fruit Extract, Pyrus Communis Fruit Extract, Citrus Grandis Fruit Extract, Coco-Glucoside, Glyceryl Oleate, Glucose, Urea, Allantoin, Glutamic Acid, Sodium PCA, Propylene Glycol, Tocopherol, Gluconolactone, Hydroxypropyl Guar Hydroxypropyltrimonium Chloride, Lactic Acid, Disodium EDTA, Citric Acid, Sodium Chloride, Parfum, Sodium Benzoate, Potassium Sorbate.",https://www.hebe.pl/yumi-nawilzajacy-szampon-do-wlosow-300-ml-000000000000407623.html
5,Sielanka Dziewczyna jak malina,8,"Aqua, Sodium Laureth Sulfate, Cocamidopropyl Betaine, Hydrolyzed Keratin, Rubus Idaeus (Raspberry) Seed Oil, Triticum Vulgare Germ Extract, Ocimum Basilicum Hairy Root Culture Extract, Raphanus Sativus Extract, Allantoin, Helianthus Annuus (Sunflower) Seed Oil, Rubus Idaeus (Raspberry) Fruit Extract, BHT, Ascorbyl Pamitate, Guar Hydroxypropyltrimonium Chloride, Citric Acid, Sodium Benzoate, Potassium Sorbate, Alcohol, Parfum, Cl 16035.",https://www.hebe.pl/sielanka-szampon-do-wlosow-zniszczonych-400-ml-000000000000411520.html
6,Sielanka Leśna Jeżyna,8,"Aqua, Sodium Laureth Sulfate, Cocamidopropyl Betaine, Allantoin, Rubus Fruticosus (Blackberry) Seed Oil, Helianthus Annuus (Sunflower) Seed Oil, Rubus Idaeus (Raspberry) Fruit Extract, Rubus Fruticosus (Blackberry) Fruit Extract, Fragaria Ananassa (Strawberry) Fruit Extract, BHT, Ascorbyl Palmitate, Polyquaternium-10, Glycerin, Citrus Limon Fruit Extract, Decyl Glucoside, Citric Acid,  Styrene/Acrylates Copolymer, Acrylates Copolymer, Guar Hydroxypropyltrimonium Chloride, Sodium Benzoate, Potassium Sorbate, Sodium Chloride,  Tetrasodium EDTA, Parfum, CI 60730.",https://www.hebe.pl/sielanka-szampon-do-wlosow-blond-i-rozjasnianych-400-ml-000000000000411673.html
7,Anwen Wake It Up,37,"Aqua, Sodium Laureth Sulfate, Coco-Glucoside, Propanediol, Polysorbate 20, Gluconolactone, Acacia Senegal Gum, Xanthan Gum, Cetrimonium Chloride, Ficin, Caffeine, Lactobacillus/Pear Juice Ferment Filtrate, Bacillus Ferment, Coffea Arabica Seed Extract, Dipotassium Glycyrrhizate, Disodium EDTA, Glycerin, Butylene Glycol, Propylene Glycol, Sodium Benzoate, Calcium Gluconate, Citric Acid, Parfum.",https://www.hebe.pl/anwen-enzymatyczny-szampon-kawowy-do-wlosow-200-ml-000000000000383157.html
9,Pharmaceris H H-Stimupurin,47,"Aqua (Water), Sodium Myreth Sulfate, Cocamidopropyl Betaine, Glycerin, Acrylates Copolymer, Panthenol, Betaine, PEG-7 Glyceryl Cocoate, Coco-Glucoside, Parfum (Fragrance), Hydroxyacetophenone, Glycol Distearate, Polyquaternium-10, Laureth-2, PEG/PPG-120/10 Trimethylolpropane Trioleate, Guar Hydroxypropyltrimonium Chloride, Sodium Cocoyl Glutamate, Caffeine, Sodium Carbonate, Maltodextrin, Dicaprylyl Ether, Ethylhexylglycerin, Lauryl Alcohol, Glyceryl Oleate, Glyceryl Stearate, Hydroxyethylcellulose, Disodium EDTA, Citric Acid, Xanthan Gum, Glyceryl Behenate, Urea, Pentylene Glycol, Disodium Phosphate, Pyridoxine HCl, Niacinamide, Polyglyceryl-3 Methylglucose Distearate, Hydrolyzed Yeast Protein, Allantoin, Threonine, Cholesterol, Biotin, Sodium Chloride, Potassium Chloride, Potassium Phosphate, SH-Polypeptide-32, Phenoxyethanol, Benzoic Acid, Dehydroacetic Acid, Potassium Sorbate.",https://www.hebe.pl/pharmaceris-specjalistyczny-szampon-stymulujacy-wzrost-wlosow-pobudza-odrastanie-wlosow-i-ich-zageszczenie-250-ml-000000000000257870.html
11,Dermz Healpsorin Shampoo,44,"Aqua, Cocamidopropyl Betaine, Sodium Cocomphoacetate, Acrylates/Beheneth-25 Methacrylate Copolymer, Urea, Polysorbate-20, Salicylic Acid, Sodium Caproyl/Lauroyl Lactylate, Triethyl Citrate,Parfum, Citrus Aurantium Amara Flower Oil, Symphytum Officinale Leaf Extract, Helianthus Annuus (Sunflower) Seed Oil, Pogostemon Cablin Oil, Cyanocobalamin, Limonene, Linalool.",https://www.hebe.pl/dermz-szampon-na-luszczyce-i-lojotokowe-zapalenie-skory-500-ml-000000000000447718.html
13,Nadeshiko,34,"Aqua, Disodium Laureth Sulfosuccinate, Coco-Glucoside, Propanediol, Cocamidopropyl Betaine, Glycerin, Xylitylglucoside, Molasses, Anhydroxylitol, Maltitol, Xylitol, Laurdimonium Hydroxypropyl Hydrolyzed Keratin, Panthenol, Oryza Sativa Lees Extract,  sr-Spider Polypeptide-1, Pelvetia Canaliculata Extract, Camellia Japonica Seed Oil, Pseudozyma Epicola/Argania Spinosa Kernel Oil/Camellia Japonica Seed Oil/Camellia Sinensis Seed Oil/Sunflower Seed Oil/Sweet Almond Oil Ferment Extract Filtrate, Lactobacillus/Rice Ferment Filtrate, Leuconostoc/Radish Root Ferment Filtrate, Polyquaternium-10, 1,2-Hexanediol, Glyceryl Caprylate, Caprylyl Glycol, Citric Acid, Guar Hydroxypropyltrimonium Chloride, Sodium Phytate, Sodium Chloride, Sodium Hydroxide , Triethyl Citrate, Benzoic Acid, Sodium Benzoate, Phenoxyethanol, Ethylhexylglycerin, Parfum.",https://www.hebe.pl/nadeshiko-nawilzajacy-szampon-do-wlosow-400-ml-000000000000419435.html
14,Yope Hydrate My Hair,31,"Aqua, Coco Glucoside, Sodium Coco-Sulfate, Cocamidopropyl Betaine, Disodium Cocoyl Glutamate, Sorbitol, Decyl Glucoside, Macadamia Seed Oil Polyglyceryl-4 Esters, Glycerin, Levulinic Acid, Ocimum Basilicum (Basil) Flower/Leaf Extract, Cocodimonium Hydroxypropyl Hydrolyzed Wheat Protein, Sodium Cocoyl/Olivoyl Hydrolyzed Oat Protein, Potassium Cocoyl Rice Amino Acids, Guar Hydroxypropyltrimonium Chloride, Sodium Levulinate, Saponaria officinalis Root Extract, Fructose, Fructosyl Cocoate/Olivate, Gluconolactone, Parfum, Citric Acid, Salicylic Acid, Lactic Acid, Sodium Benzoate, Potassium Sorbate, Benzyl Alcohol, Benzyl Salicylate, Hexyl Cinnamal, Linalool.",https://www.hebe.pl/yope-nawilzajacy-szampon-do-wlosow-300-ml-000000000000420138.html
15,Pantene Pro-V Aqua Light,18,"Aqua, Sodium Laureth Sulfate, Sodium Chloride, Cocamidopropyl Betaine, Sodium Xylenesulfonate, Parfum, Citric Acid, Sodium Benzoate, Cocamide MEA, Sodium Citrate, Sodium Salicylate, Sodium Hydroxide, Panthenol, Tetrasodium EDTA, Guar Hydroxypropyltrimonium Chloride, Hexyl Cinnamal, Histidine",https://www.hebe.pl/pantene-szampon-do-wlosow-przetluszczajacy-sie-400ml-000000000000238929.html
17,Yolyn WOW,24,"Aqua (Water), Sodium Coco-Sulfate, Cocamidopropyl Betaine, Decyl Glucoside, Sodium Chloride, Glycerin, Limonene, Sodium Benzoate, Potassium Sorbate, Tetrasodium Glutamate Diacetate, Betaine, Trehalose, Citrus Limon Peel Oil, Citric Acid, Pinene, Tilia Tomentosa Bud Extract.",https://www.hebe.pl/yolyn-szampon-gleboko-oczyszczajacy-do-wlosow-zwiekszajacy-ich-objetosc-450-ml-000000000000582961.html
20,Barwa Naturalna,7,"Aqua,Sodium Laureth Sulfate,Cocamidopropyl Betaine,Cocamide DEA,PEG-75,Lanolin,Sodium Chloride,Cocamidopropylamine Oxide,Acetum,Prunus Armeniaca Fruit Extat,Prunus Persica Fruit Extract,Pyrus Malus Fruit Extract,Biotin,Panthenol,Linoleic Acid,Linolenic Acid,Tocopheryl Acetate,Retinyl Palmitate,Bioflavonoids,Pyridoxine HCl,Propylene Glycol,Polysorbate 20,Polysorbate 80,Citric Acid,Parfum,Methylchloroisothiazolinone,Methylisothiazolinone",https://www.hebe.pl/barwa-szampon-octowy-do-wlosow-naturalnych-i-matowych-300-ml-000000000000386256.html
21,Equilibra Aloe,17,"Aqua (Water),Aloe Barbadensis Leaf Juice,Ammonium Lauryl Sulfate,Cocamidopropyl Betaine,Betaine,Glycerin,Urtica Dioica (Nettle) Leaf Extract,Linum Usitatissimum (Linseed) Seed Oil,Hydrolyzed Wheat Protein,Guar Hydroxypropyltrimonium Chloride,Coco Glucoside,Glyceryl Oleate,Sodium Phytate,Potassium Sorbate,Sodium Benzoate,Sodium Levulinate,Citric Acid,Sodium Chloride,Parfum (Fragrance)",https://www.hebe.pl/equilibra-szampon-do-wlosow-250ml-000000000000295149.html
22,Syoss Keratin,19,"Aqua (Water, Eau), Sodium Laureth Sulfate, Cocamidopropyl Betaine, Sodium Chloride, PEG-7 Glyceryl Cocoate, Hydrolyzed Keratin, Dimethicone, Sodium Benzoate, Parfum (Fragrance), Citric Acid, Amodimethicone, Guar Hydroxypropyltrimonium Chloride, Hydrogenated Castor Oil, Glycol Distearate, Laureth-4, PEG-40 Hydrogenated Castor Oil, PEG-120 Methy Glucose Dioleate, Tetramethyl Acetyloctahydronaphthalenes, Laureth-23, Prunus Armeniaca (Apricot) Kernel Oil, Trideceth-10, Sodium Hydroxide, Linalool, Linalyl Acetate, Propylene Glycol, Acetyl Cedrene, Phenoxyethanol, Sodium Salicylate",https://www.hebe.pl/syoss-szampon-do-wlosow-lamliwych-i-oslabionych-440-ml-000000000000376888.html
23,Pantene Pro-V Intensive Repair,18,"Aqua,Sodium Laureth Sulfate,Sodium Citrate,Cocamidopropyl Betaine,Sodium Xylenesulfonate,Sodium Chloride,Stearyl Alcohol,Cocamide MEA,Glycol Distearate,Parfum,Glycerin,Sodium Benzoate,Citric Acid,Cetyl Alcohol,Sodium Salicylate,Guar Hydroxypropyltrimonium Chloride,Trihydroxystearin,Sodium Hydroxide,Polyquaternium-6,Tetrasodium EDTA,Panthenol,Panthenyl Ethyl Ether,Hexyl Cinnamal,Histidine",https://www.hebe.pl/pantene-szampon-do-wlosow-regenerujacy-400ml-000000000000230392.html
24,Yope Balance My Hair,31,"Aqua, Cocamidopropyl Betaine, Sodium Coco-Sulfate, Coco Glucoside, Sodium Cocoyl Alaninate, Decyl Glucoside, Sodium Babassuamphoacetate, Propanediol, Succinic Acid, Gluconolactone, Vinegar, Vitis Vinifera (Grape) Fruit Extract, Disodium Cocoyl Glutamate, Myroxylon Balsamum (Balsam Tolu) Resin, Potassium Cocoyl Rice Amino Acids, Fructose, Gluconic Acid, Glucose, Commiphora Myrrha Resin Extract, Caesalpinia Spinosa Gum, Styrax Benxoin Resin Extract, Backhousia Citriodora Leaf Extract, Guar Hydroxypropyltrimonium Chloride, Glycerin, Sodium Levulinate, Levulinic Acid, Parfum, Sodium Hydroxide, Citric Acid, Hexyl Cinnamal, Limonene, Linalool.",https://www.hebe.pl/yope-oczyszczajacy-szampon-do-wlosow-300-ml-000000000000420139.html
25,Head&Shoulders Classic Clean,12,"Aqua, Sodium Laureth Sulfate, Sodium Xylenesulfonate, Cocamidopropyl Betaine, Sodium Citrate, Parfum, Citric Acid, Cocamide MEA, Glycol Distearate, Piroctone Olamine, Dimethiconol, Sodium Chloride, Guar Hydroxypropyltrimonium Chloride, Dimethicone, Sodium Benzoate, TEA-Dodecylbenzenesulfonate, Sodium Salicylate, Hexyl Cinnamal, Linalool, Tetrasodium EDTA, Sodium Hydroxide, Trideceth-10, Glycerin, Niacinamide, Panthenol, Tocopheryl Acetate, Acetic Acid, Benzyl Alcohol, Triethylene Glycol, Propylene Glycol, CI 42090, CI 17200",https://www.hebe.pl/headshoulders-przeciwlupiezowy-szampon-do-wlosow-do-codziennego-stosowania-90-ml-000000000000502232.html
27,Pharmaceris H-Purin,36,"Aqua (Water), Sodium Coco-Sulfate, Decyl Glucoside, Cocamidopropyl Betaine, Glycerin, Propylene Glycol, Aloe Barbadensis Leaf Juice, Piroctone Olamine, Allantoin, Ciclopirox Olamine, Epilobium Angustifolium Flower/Leaf/Stem Extract, Polyacrylate Crosspolymer-6, Guar Hydroxypropyltrimonium Chloride, Citric Acid, T-Butyl Alcohol, Sodium Benzoate, Potassium Sorbate, Parfum (Fragrance).",https://www.hebe.pl/pharmaceris-szampon-przeciwlupiezowy-do-wlosow-250-ml-000000000000411471.html
30,Fanola Keraterm,49,"Aqua (Water), Ammonium Lauryl Sulfate, Sodium Myreth Sulfate, Sodium Cocoamphoacetate, MIPA-lauryl sulfate, Glycol Distearate, Parfum (Fragrance), Sodium Chloride, Citric Acid, Guar Hydroxypropyltrimonium Chloride, Cocamide MEA, Laureth-10, Triethylene Glycol, Benzyl Alcohol, Propylene Glycol, Macadamia Ternifolia Seed Oil, Butyrospermum Parkii Butter (Butyrospermum Parkii (Shea) Butter), Methylchloroisothiazolinone Methylisothiazolinone, Hydrolyzed Keratin, Magnesium Nitrate, Magnesium Chloride.",https://www.hebe.pl/fanola-dyscyplinujacy-szampon-przeciw-puszeniu-sie-wlosow-300-ml-000000000000466158.html
31,Hebe Naturals Deep Clean Shampoo,19,"Aqua, Sodium Coco-Sulfate, Decyl Glucoside, Cocamidopropyl Betaine, Glycerin, Lauryl Glucoside, Inulin, 4-Terpineol, Salicylic Acid, Salix Alba Bark Extract, Methylpropanediol, Citrus Grandis Fruit Extract, Parfum, Citric Acid, Sodium Benzoate, Potassium Sorbate, Hexyl Cinnamal, Limonene, Linalool.",https://www.hebe.pl/hebe-naturals-gleboko-oczyszczajacy-szampon-do-wlosow-i-skory-glowy-400-ml-000000000000459302.html
34,Hairy Tale Cosmetics Hairmoji Sweet Cleans,24,"Aqua, Sodium Lauroyl Methyl Isethionate, Coco-Glucoside, Propanediol, Sodium Methyl Cocoyl Taurate, Xanthan Gum, Ocimum Basilicum (Basil) Leaf Extract, Saccharide Isomerate, Biosaccharide Gum-1, Polyglyceryl-6 Caprylate, Polyglyceryl-4 Caprate, Glycerin, Guar Hydroxypropyltrimonium Chloride, Trisodium Ethylenediamine Disuccinate, Benzyl Alcohol, Sodium Benzoate, Dehydroacetic Acid, Citric Acid, Phenoxyethanol, Sodium Citrate, Sodium Chloride, Parfum.",https://www.hebe.pl/hairy-tale-cosmetics-lagodny-szampon-do-wlosow-240-ml-000000000000484850.html
35,Tołpa Dermo Hair Wypadanie,25,"Aqua, Cocamidopropyl Betaine, Lauryl Glucoside, Sodium Chloride, Parfum, Peat Extract, Hydrolyzed Adansonia Digitata Seed Extract, Polyquaternium-6, Lactic Acid, Glyceryl Caprylate, Benzyl Alcohol, Triethyl Citrate, Caprylyl Glycol, Methylpropanediol, Benzoic Acid, Sodium Phytate, Sodium Benzoate, Potassium Sorbate, CI 75810.",https://www.hebe.pl/tolpa-szampon-antipollution-przeciw-wypadaniu-wlosow-250-ml-000000000000376740.html
37,Tołpa Dermo Hair Enzyme,18,"Aqua, Lauryl Glucoside, Sodium Coco-Sulfate, Glycerin, Polyglyceryl-4 Caprate, Ribes Nigrum Seed Oil, Orbignya Oleifera Seed Oil, Betaine, Peat Extract, Papain, Bromelain, Lactobacillus/Punica Granatum Fruit Ferment Extract, Leuconostoc/Radish Root Ferment Filtrate, Hydroxypropyl Guar Hydroxypropyltrimonium Chloride, Sodium Phytate, Lactic Acid, Parfum, Methylpropanediol, Benzoic Acid, Caprylyl Glycol.",https://www.hebe.pl/tolpa-oczyszczajacy-szampon-do-wlosow-300-ml-000000000000424656.html
38,Ziaja med Kuracja Dermatologiczna,13,"Aqua (Water), Sodium Laureth Sulfate, Cocamidopropyl Betaine, Undecylenamidopropyl Betaine, Glycerin, Urea, Piroctone Olamine, Guar Hydroxypropyltrimonium Chloride, Allantoin, Ceramide NP (3), Ceramide AP (6II), Ceramide EOP (1), Phytosphingosine, Cholesterol, Sodium Lauroyl Lactylate, Carbomer, Xanthan Gum, Sodium Chloride, Sodium Benzoate, Lactic Acid.",https://www.hebe.pl/ziaja-med-oczyszczajacy-szampon-do-wrazliwej-skory-glowy-i-karku-300-ml-000000000000387538.html
39,Syoss Anti Grease,22,"Butane, Propane, Alcohol denat., Oryza Sativa (Rice) Starch, Isobutane, Parfum (Fragrance), Panthenol, Niacinamide, Aqua (Water, Eau), Cetrimonium Chloride",https://www.hebe.pl/syoss-suchy-szampon-do-wlosow-przetluszczajacych-sie-200-ml-000000000000235137.html
41,Tołpa Dermo Hair Podrażnienie,25,"Aqua, Cocamidopropyl Betaine, Decyl Glucoside, Disodium Cocoamphodiacetate, Glycereth-26, Hydroxyethyl Urea, Ceteareth-60 Myristyl Glycol, Sodium Chloride, Parfum, Biosaccharide Gum-1, Peat Extract, Disodium EDTA, Citric Acid, Methylpropanediol, Caprylyl Glycol, Phenoxyethanol, Benzoic Acid.",https://www.hebe.pl/tolpa-nawilzajacy-szampon-do-wlosow-wspierajacy-mikrobiom-250-ml-000000000000376744.html
42,Radical Wzmacniający,11,"Aqua (Water), Sodium Laureth Sulfate, Sodium Chloride, Cocamidopropyl Betaine, Glycerin, Equisetum Arvense (Horsetail) Leaf Extract, Arginine, Panthenol, Hydroxypropyl Guar Hydroxypropyltrimonium Chloride, Lactic Acid, Citric Acid, Potassium Sorbate, Sodium Benzoate, Disodium EDTA, Parfum (Fragrance), Hexyl Cinnamal.",https://www.hebe.pl/radical-wzmacniajacy-szampon-do-wlosow-oslabionych-i-wypadajacych-400-ml-000000000000308976.html
45,Ziaja,14,"Aqua (Water),Sodium Laureth Sulfate,Cocamidopropyl Betaine,Undecylenamidopropyl Betaine,Laureth-2,PEG-40 Sulfurized Castor Oil,PEG-40 Castor Oil,Sodium Chloride,Guar Hydroxypropyltrimonium Chloride,Sodium Benzoate,Parfum (Fragrance),Citral,Tetramethyl Acetyloctahydronaphthalenes,Limonene,Linalyl Acetate,Litsea Cubeba Fruit Oil,Citric Acid",https://www.hebe.pl/ziaja-szampon-mineralny-do-wlosow-i-skory-glowy-keratolityczny-200-ml-000000000000390054.html
47,Hebe Cosmetics Daily Refreshing Shampoo,9,"Aqua, Sodium Coco-Sulfate, Decyl Glucoside, Cocamidopropyl Betaine, Glycerin, Lauryl Glucoside, Cocos Nucifera Fruit Extract, Mangifera Indica Fruit Extract, Actinidia Chinensis Fruit Extract, Trehalose, Allantoin, Sodium Hyaluronate, Fructose, Urea, Maltose, Sodium PCA, Sodium Lactate, Glucose,  Parfum, Citric Acid, Sodium Hydroxide, Sodium Benzoate, Potassium Sorbate, Sodium Chloride, Propylene Glycol, Pentylene Glycol.",https://www.hebe.pl/hebe-cosmetics-odswiezajacy-szampon-do-wlosow-400-ml-000000000000408159.html
49,Ziaja,12,"Aqua (Water),Sodium Laureth Sulfate,Cocamidopropyl Betaine,Sodium C14-17 Alkyl Sec Sulfonate,Coco Glucoside,Panthenol,Propylene Glycol,Lavandula Angustifolia (Lavender) Flower Extract,Polyquaternium-10,C12-13 Alkyl Lactate,Sodium Chloride,Sodium Benzoate,2-Bromo-2-Nitropropane-1,3-Diol,Parfum (Fragrance),Linalool,Citronellol,Limonene,Hydroxycitronellal,Citric Acid",https://www.hebe.pl/ziaja-lawendowy-szampon-do-wlosow-przetluszczajacych-sie-500-ml-000000000000215335.html
50,Hairy Tale Cosmetics Hairmoji,26,"Aqua, Sodium Coco-Sulfate, Propanediol, Coco-Glucoside, Sodium Lauryl Glucose Carboxylate, Lauryl Glucoside, Xanthan Gum, Inulin, Saccharide Isomerate, Phyllanthus Emblica Fruit Extract, Trisodium Ethylenediamine Disuccinate, Glycerin, Biosaccharide Gum-1, Polyglyceryl-6 Caprylate, Polyglyceryl-4 Caprate, Guar Hydroxypropyltrimonium Chloride, Benzyl Alcohol, Sodium Citrate, Dehydroacetic Acid, Sorbic Acid, Citric Acid, Phenoxyethanol, Sodium Chloride, Benzyl Benzoate, Parfum, Limonene, Linalool.",https://www.hebe.pl/hairy-tale-cosmetics-chelatujacy-szampon-do-wlosow-240-ml-000000000000484846.html
51,Fanola No Yellow,27,"Aqua (Water), Sodium Laureth Sulfate, Sodium Cocoamphoacetate, Decyl Glucoside, Cocamidopropyl Betaine, Citric Acid, Acid violet 43, Parfum (Fragrance), Guar Hydroxypropyltrimonium Chloride, Wine Extract, Propylene Glycol, Benzyl Alcohol, Triethylene Glycol, Hydrolyzed Silk, Sodium Chloride, Methylchloroisothiazolinone Methylisothiazolinone, Magnesium Nitrate, Magnesium Chloride, Phenoxyethanol, Chlorphenesin, Potassium metabisulfite, Ethylhexylglycerin, Tetrasodium Glutamate Diacetate.",https://www.hebe.pl/fanola-szampon-do-wlosow-farbowanych-i-naturalnych-100-ml-000000000000466033.html
52,Bioelixire Gęste Włosy,29,"Aqua, Sodium Coco-sulfate, Lauryl Glucoside, Cocamidopropyl Betaine, Glycerin, Lactobacillus/ Streptococcus thermophilus / Yarrowia / Equisetum Arvense Leaf / Aloe Barbadensis Leaf Juice / Polygonum Aviculare / Ferment Filtrate, Panthenol, Urea, Hydrolyzed Caesalpinia Spinosa Gum, Caesalpinia Spinosa Gum, Phyllanthus Emblica Fruit Extract, Bambusa Arundinacea Leaf Extract, Ascophyllum Nodosum Extract, Spirulina Maxima Extract, Caffeine, Fucus Vesiculosus Extract, Laminaria Digitata Extract, Adansonia Digitata Seed Oil, Porphyra Umbilicalis Extract, Guar Hydroxypropyltrimonium Chloride, Propylene Glycol, Benzoic Acid, Potassium Sorbate, Sodium Benzoate, Sodium Chloride, Parfum, Methylpropanediol, Citric Acid, Caprylyl Glycol, Propanediol.",https://www.hebe.pl/bioelixire-delikatny-szampon-do-wlosow-300-ml-000000000000475416.html
53,Dermedic Capilarte,41,"Aqua, Sodium Laureth Sulfate, Cocamidopropyl Betaine, Coco-Glucoside, Glycerin, Polyquaternium-7, PEG-7 Glyceryl Cocoate, Piroctone Olamine, Clotrimazole, Zinc Undecylenate, Lactitol, Xylitol, Panthenol, Styrene/Acrylates Copolymer, Iodopropynyl Butylcarbamate, Guar Hydroxypropyltrimonium Chloride, Citric Acid, Parfum, Sodium Chloride",https://www.hebe.pl/dermedic-szampon-zwalczajacy-lupiez-jego-przyczyny-300ml-000000000000303800.html
54,Herbal Care Dziegieć,10,"Aqua (Water), Sodium Laureth Sulfate, Cocamidopropyl Betaine, Sodium Cocoamphoacetate, Piroctone Olamine, Starch Hydroxypropyltrimonium Chloride, Urea, Sodium Lactate,  Inulin, Polyquaternium-10, Zinc PCA, Betula Alba Oil, Tar Oil, Potassium Sorbate, Sodium Benzoate, Sodium Chloride, Lactic Acid, Disodium EDTA.",https://www.hebe.pl/herbal-care-szampon-do-wlosow-330-ml-000000000000386376.html
55,Bioelixire,24,"Aqua (Water), Sodium Lauroyl Methyl Isethionate, Cocamidopropyl Betaine, Erythritol, Decyl Glucoside, Sodium Chloride, Trisodium Ethylenediamine Disuccinate, Bambusa Arundinacea Stem Extract, Fucus Vesiculosus Extract, Hydrolyzed Soy Protein, Trehalose, Caffeine, Urea, Leuconostoc/Radish Root Ferment Filtrate, SODIUM PCA, Parfum (Fragrance), Citric Acid, Guar Hydroxypropyltrimonium Chloride, Triethylene Glycol, Benzyl Alcohol, Propylene Glycol, Hexyl Cinnamal, Methylchloroisothiazolinone Methylisothiazolinone, Polyquaternium - 51, Phenoxyethanol, Sodium Hyaluronate, Sorbic Acid, Sodium Benzoate, Magnesium Nitrate, Magnesium Chloride, Glycerin",https://www.hebe.pl/bioelixire-szampon-do-wlosow-zniszczonych-300-ml-000000000000438690.html
56,Kallos Hair Pro-Tox,12,"Aqua, Cetearyl Alcohol, Cetrimonium Chloride, Olea Europaea Oil, Cocos Nucifera Oil, Parfum, Cyclopenta Siloxane, Dimethiconol, Panthenol, Hydrolyzed Keratin, Soluble Collagen, Sodium Hyaluronate, Citric Acid, Propylene Glycol, Benzylalcohol, Methylchloroisothiazolinone",https://www.hebe.pl/kallos-nawilzajacy-szampon-do-wlosow-1000-ml-000000000000271226.html
57,Head&Shoulders Citrus Fresh,16,"Aqua, Sodium Laureth Sulfate, Sodium Xylenesulfonate, Cocamidopropyl Betaine, Sodium Citrate, Parfum, Citric Acid, Cocamide MEA, Glycol Distearate, Piroctone Olamine, Sodium Chloride, Guar Hydroxypropyltrimonium Chloride, Dimethiconol, Menthol, Sodium Benzoate, Dimethicone, Sodium Salicylate, Tetrasodium EDTA, TEA-Dodecylbenzenesulfonate, Sodium Hydroxide, Glycerin, Trideceth-10, Niacinamide, Hexyl Cinnamal, Limonene, Benzyl Salicylate, Citronellol, Panthenol, Tocopheryl Acetate, Acetic Acid, CI 19140, Benzyl Alcohol, Triethylene Glycol, Propylene Glycol, CI 42090",https://www.hebe.pl/headshoulders-przeciwlupiezowy-szampon-do-wlosow-250-ml-000000000000282834.html
58,10 Essences,49,"Water, Sodium Laureth Sulfate, Cocamide Methyl Mea, Cocamidopropyl Betaine, PEG-11 Methyl Ether Dimethicone, Sodium Lauroyl Methylaminopropionate, Propylene Glycol, Potassium Cocyl Glutamate, Sodium Cocoyl Glutamate, Decyl Glucoside, Lauryl Hydroxysultaine, Cocamide DEA, Glycerin, Sodium Hyaluronate, Panthenol, Sea Salt, Butyropspermum Parkii (Shea Butter) Fruit, Honey, Camellia Japonica Seed Oil, Olea Europea (Olive) Fruit Oil, Hydrolyzed Silk , Rosmarinus Officinalis (Rosemary) Leaf Extract, Swertia Japonica Extract, Butylene Glycol, Betaine, Guar Hydroxypropyltrimonium Chloride, Polyquaternium-10, Polyquaternium-7, Citric Acid, Sodium Chloride, Alcohol Denat., Tetrasodium EDTA, Methylparaben, Lavandula Angustifolia (Lavender) Oil, Citrus Grandis (Grapefruit) Peel Oil, Mentha Piperita (Peppermint) Oil, Pelargonium Graveolens Flower Oil, Blue 1, Yellow 5.",https://www.hebe.pl/10-essences-nawilzajaco-odzywczy-szampon-do-wszystkich-rodzajow-wlosow-700-ml-000000000000358528.html
60,Syoss Volume,19,"Aqua (Water, Eau), Sodium Laureth Sulfate, Sodium Chloride, Cocamidopropyl Betaine, Hydrolyzed Keratin, Hydrolyzed Collagen, Sodium Benzoate, Parfum (Fragrance), Coco-Glucoside, Glyceryl Oleate, Citric Acid PEG-7 Glyceryl Cocoate, Glycol Distearate, Laureth-4, PEG-120 Methyl Glucose Dioleate Hydrogenated Castor Oil, Benzyl Salicylate, Hexyl Cinnamal, Hydroxypropyl Gua Hydroxypropyltrimonium Chloride, Citronellol, Tetramethyl Acetyloctahydronaphthalenes, Sodium Hydroxide, Limonene, Linalyl Acetate, Linalool, Propylene Glycol, Sorbic Acid",https://www.hebe.pl/syoss-szampon-do-wlosow-cienkich-i-bez-objetosci-440-ml-000000000000376891.html
62,Kundal Honey & Macadamia,69,"Water,Disodium Laureth Sulfosuccinate,Glycerin,Lauryl Glucoside,Lauryl Betaine,Decyl Glucoside,1,2-Hexanediol,Honey Extract,Macadamia Ternifolia Seed Extract,Hydrolyzed Keratin,Hydrolyzed Silk,Milk Protein Extract,Copper Tripeptide-1,Butyrospermum Parkii (Shea) Butter,Argania Spinosa Kernel Oil,Simmondsia Chinensis (Jojoba) Seed Oil,Cocos Nucifera (Coconut) Oil,Persea Gratissima (Avocado) Oil,Diospyros Kaki Fruit Extract,Camellia Japonica Leaf Extract,Ceratonia Siliqua (Carob) Fruit Extract,Centella Asiatica Extract,Camellia Sinensis Leaf Extract,Polygonum Cuspidatum Root Extract,Scutellaria Baicalensis Root Extract,Glycyrrhiza Glabra (Licorice) Root Extract,Rosmarinus Officinalis (Rosemary) Leaf Extract,Chamomilla Recutita (Matricaria) Flower Extract,Rosa Damascena Flower Extract,Arnica Montana Flower Extract,Sophora Angustifolia Root Extract,Acorus Calamus Root Extract,Polygonum Multiflorum Root Extract,Morus Alba Root Extract,Swertia Japonica Extract,Yucca Schidigera Root Extract,Brassica Campestris (Rapeseed) Sprout Extract,Brassica Oleracea Italica (Broccoli) Sprout Extract,Glycine Soja (Soybean) Sprout Extract,Triticum Vulgare (Wheat) Sprout Extract,Magnolia Kobus Bark Extract,Salix Alba (Willow) Bark Extract,Cinnamomum Cassia Bark Extract,Portulaca Oleracea Extract,Chamaecyparis Obtusa Leaf Extract,Origanum Vulgare Leaf Extract,Lactobacillus/Soybean Ferment Extract,Butylene Glycol,Polyquaternium-10,Sodium Chloride,Sodium Sulfite,Citric Acid,Arginine,Disodium EDTA,Fragrance",https://www.hebe.pl/kundal-odswiezajacy-szampon-do-wlosow-z-wisnia-500-ml-000000000000365136.html
63,Hebe Naturals Gentle Shampoo,19,"Aqua, Lauryl Glucoside, Cocamidopropyl Betaine, Glycerin, Disodium Cocoyl Glutamate, Guar Hydroxypropyltrimonium Chloride, Gossypium Herbaceum Flower Extract, Zea Mays Starch, Lactococcus Ferment Lysate, Parfum, Lactic Acid, Xanthan Gum, Citric Acid, Sodium Benzoate, Potassium Sorbate, Benzyl Alcohol, Dehydroacetic Acid, Sodium Chloride.",https://www.hebe.pl/hebe-naturals-lagodny-szampon-do-wlosow-i-skory-glowy-400-ml-000000000000459303.html
65,Olaplex N.4 Bond Maintenance,129,"Water (Aqua/Eau), Sodium Lauroyl Methyl Isethionate, Cocamidopropyl Hydroxysultaine, Potassium Cocoyl Glycinate, Disodium Cocoyl Glutamate, Sodium Lauroyl Sarcosinate, Potassium Cocoate, Decyl Glucoside, Glycereth-26, Bis-Aminopropyl Diglycol Dimaleate, Cocamidopropylamine Oxide, Disodium Laureth Sulfosuccinate, Glycol Distearate, Sodium Cocoyl Glutamate, Methyl Gluceth-20, Acrylates Copolymer, PEG-120 Methyl Glucose Dioleate, Amodimethicone, Citric Acid, Sodium Lauryl Sulfoacetate, Polyquaternium-10, Ethylhexylglycerin, DivinylDimethicone/Dimethicone Copolymer, Polyquaternium-11, Trisodium Ethylenediamine Disuccinate, Guar Hydroxypropyltrimonium Chloride, C11-15 Pareth-7, Laureth-9, Glycerin, Trideceth-12, C12-13 Pareth-23, C12-13 Pareth-3, Hydrolyzed Vegetable Protein, PG-Propyl Silanetriol, Panthenol, Acetic Acid, Tetrasodium EDTA, Pentasodium Triphosphate, Sodium Hydroxide, Disodium EDTA, Helianthus Annus (Sunflower) Seed Oil, Tocopherol, Prunus Armeniaca (Apricot) Kernel Oil, Pseudozyma Epicola/Camellia Sinensis Seed Oil Ferment Extract Filtrate, Pseudozyma Epicola/Argania Spinosa Kernel Oil Ferment Filtrate, Quaternium-95, Propanediol, Helianthus Annus (Sunflower) Seed Extract, PEG-8, Euterpe Oleracea Fruit Extract, Punica Granatum Extract, Rosemarinus Officinalis (Rosemary) Leaf Extract, Musa Sapientum (Banana) Fruit Extract, Origanum Vulgare Lear Extract, Morinda Citrifolia Fruit Extract, Articum Lappa Root Extract, PEG-8/SMDI Copolymer, Sodium Hyaluronate, Palmitoyl Myristyl Serinate, Sodium Polyacrylate, Pentaerythrityl Tetra-Di-T-Butyl Hydroxyhydrocinnamate, Biotin, Benzoic Acid, Phenoxyethanol, Chlorphenesin, Potassium Sorbate, Sodium Benzoate, Fragrance(Parfum), Citral, Hexyl Cinnamal, Limonene",https://www.hebe.pl/olaplex-delikatnie-oczyszczajacy-szampon-do-wlosow-250-ml-000000000000488608.html
66,Syoss Color,19,"Aqua (Water, Eau), Sodium Laureth Sulfate Cocamidopropyl Betaine, Sodium Chloride, PEG-7 Glyceryl Cocoate, Hydrolyzed Keratin, Sodium PCA, Dimethicone, Sodium Benzoate, Citric Acid, Parfum (Fragrance), Amodimethicone Guar Hydroxypropyltrimonium Chloride, PEG-40 Hydrogenated Castor Oil, Hydrogenated Castor Oil, Glycol Distearate, Laureth-4, PEG-120 Methyl Glucose Dioleate, Benzyl Salicylate Hexyl Cinnamal, Laureth-23, Prunus Armeniaca (Apricot) Kernel Oil, Trideceth-10, Sodium Hydroxide, Citronellol, Tetramethyl Acetyloctahydronaphthalenes, Propylene Glycol, Limonene Linalyl Acetate, Linalool, Dimethyl Phenethyl Acetate, Phenoxyethanol, Sodium Salicylate",https://www.hebe.pl/syoss-szampon-do-wlosow-farbowanych-i-rozjasnianych-440-ml-000000000000376892.html
67,Hair Of The Day By Only Bio,16,"/Ingredients: Aqua, Lauryl Glucoside, Sodium Methyl Cocoyl Taurate, Sodium Cocoyl Isethionate, Disodium Lauryl Sulfosuccinate, Sodium Lauryl Glucose Carboxylate, Sodium Olivamphoacetate, Polyglyceryl-10 Oleate, Cyperus Esculentus Tuber Extract, Aloe Barbadensis Leaf Juice, Bertholletia Excelsa (Brazil) Nut Oil, Lauroyl Lysine, Xanthan gum, Sodium Chloride, Sodium Dehydroacetate, Sodium Benzoate, Potassium Sorbate, Citric Acid, Sodium Hydroxide, CI 51319, Parfum.",https://www.hebe.pl/hair-of-the-day-szampon-do-wlosow-nawilzenie-300-ml-000000000000536095.html
68,Anwen Pomarańcza&Bergamotka,40,"Aqua, Sodium Cocoamphoacetate, Glycerin, Lauryl Glucoside, Betaine, Sodium Cocoyl Glutamate, Sodium Lauroyl Glucose Carboxylate, Epilobium Parviflorum Extract, Saponaria Officinalis Root Extract, Niacinamide, Acacia Conocinna Fruit Extract, Balanites Aegyptiaca Fruit Extract, Gypsophila Paniculata Root Extract, Zinc Gluconate, Polyglyceryl-4 Laurate/Sebacate, Polyglyceryl-6 Caprylate/Caprate, Salicylic Acid, Sorbic Acid, Parfum, Benzyl Alcohol, Citral, Hydroxycitronellal, Limonene, Linalool.",https://www.hebe.pl/anwen-delikatny-szampon-do-normalnej-i-przetluszczajacej-sie-skory-glowy-200-ml-000000000000407795.html
69,Pantene Lively Color,18,"Aqua, Sodium Laureth Sulfate, Cocamidopropyl Betaine, Sodium Citrate, Sodium Xylenesulfonate, Sodium Chloride, Cocamide MEA, Glycol Distearate, Parfum, Stearyl Alcohol, Sodium Benzoate, Glycerin, Citric Acid, Cetyl Alcohol, Sodium Salicylate, Dimethiconol, Dimethicone, Guar Hydroxypropyltrimonium Chloride, Sodium Hydroxide, Trihydroxystearin, Panthenol, TEA-Dodecylbenzenesulfonate, Polyquaternium-6, Tetrasodium EDTA, Trideceth-10, Histidine, Hexyl Cinnamal, Triethylene Glycol, Propylene Glycol, Benzyl Alcohol",https://www.hebe.pl/pantene-szampon-do-wlosow-chroniacy-kolor-400ml-000000000000230451.html
71,Hebe Cosmetics Volumizing Shampoo,9,"Aqua, Sodium Coco-Sulfate, Decyl Glucoside, Cocamidopropyl Betaine, Lauryl Glucoside, Inulin, Glycerin, Iris Florentina Root Extract, Orchis Mascula Flower Extract, Jasminum Officinale Flower Extract, Parfum, Citric Acid, Sodium Benzoate, Potassium Sorbate.",https://www.hebe.pl/hebe-cosmetics-szampon-zwiekszajacy-objetosc-wlosow-400-ml-000000000000408161.html
72,Syoss Intense Plex,19,"Aqua (Water, Eau), Sodium Laureth Sulfate, Cocamidopropyl Betaine, Sodium Chloride, PEG-7 Glyceryl Cocoate, Hydrolyzed Keratin, Magnesium Chloride, Magnesium Citrate, Dimethicone, Sodium Benzoate, Citric Acid, Parfum (Fragrance), Amodimethicone, Guar Hydroxypropyltrimonium Chloride, Hydrogenated Castor Oil, Glycol Distearate, Laureth-4, PEG-40 Hydrogenated Castor Oil, PEG-120 Methyl Glucose Dioleate, Benzyl Salicylate, Laureth-23, Hexyl Cinnamal, Prunus Armeniaca (Apricot) Kernel Oil, Trideceth-10, Sodium Hydroxide, Citronellol, Tetramethyl Acetyloctahydronaphthalenes, Propylene Glycol, Limonene, Linalyl Acetate, Phenoxyethanol, Sodium Salicylate",https://www.hebe.pl/syoss-szampon-do-wlosow-mocno-zniszczonych-440-ml-000000000000501803.html
73,Laura Coco Reiss,49,"Aqua, Cocamidopropyl Betaine, Glycerin, Coco – Glucoside, Polysorbate 20, Sodium Chloride, Xanthan Gum, Panthenol, Inulin, Parfum, Sodium Cocoamphoacetate, Lauryl Glucoside, Glyceryl Oleate, Hydroxypropyltrimonium Honey, Argania Spinosa Kernel Oil, Helianthus Annuus Seed Oil, Arginine, Hydrolyzed Pea Protein, Hydrolyzed Keratin, Sodium Cocoyl Glutamate, Sodium Lauryl Glucose Carboxylate, Gluconolactone, Caprylyl Glycol, Calcium Gluconate, Citric Acid, Phenethyl Alcohol, Sorbic Acid, Benzyl Alcohol, Sodium Benzoate, Potassium Sorbate, Hexyl Cinnamal, Limonene, Linalool",https://www.hebe.pl/laura-coco-reiss-nawilzajacy-szampon-do-wlosow-250-ml-000000000000594606.html
74,DX2 Siwe włosy,26,"Aqua, Sodium Laureth Sulfate, Cocamidopropyl Betaine, Coco-Glucoside, Butylene Glycol/ Krameria Tiandra Root Extract / Sarothamnus Scoparius Extract / Juglans Regia Leaf Extract, Glycerin, PEG-4 Rapeseedamide, Silicone Quatemium-16 / Undeceth-11 / Butyloctanol / Undeceth-5, PEG-120 Methyl Glucose Trioleate / Propylene Glycol, Glycerin / Zea Mays Starch / Cystoseira Compressa Extract, Propylene Glycol / Alcohol Denat. / Faex Extract, Sodium Chloride, Capryl / Capramidopropyl Betaine, Parfum, Benzyl Alcohol / Methylchloroisothiazolinone / Methylisothiazolinone, Citric Acid, Limonene",https://www.hebe.pl/dx2-szampon-dla-mezczyzn-do-wlosow-siwych-150ml-000000000000255385.html
75,Tołpa Green Normalizacja,22,"Aqua, Lauryl Glucoside, Sodium Coco-Sulfate, Glycerin, Polyglyceryl-4 Caprate, Betaine, Melaleuca Alternifolia Leaf Oil, Arctium Majus Root Extract, Peat Extract, Hydroxypropyl Guar Hydroxypropyltrimonium Chloride, Lactic Acid, Limonene, Methylpropanediol, Benzoic Acid, Caprylyl Glycol, Sodium Benzoate, Potassium Sorbate, Triethyl Citrate, Glyceryl Caprylate.",https://www.hebe.pl/tolpa-detoksykujacy-szampon-do-wlosow-przetluszczajacych-sie-300-ml-000000000000385946.html
76,Deve 3 Honey,24,"Water 63.079% Sodium Laureth Sulfate 20.00% Cocamide DEA 5.00% Cocamidopropyl Betaine 5.00% Propylene Glycol 3.00% Sodium Chloride 0.10% Glycerin 1.00% Honey 0,01% Argania Spinosa Kernel Oil 0,01% Propolis Extract 0.01% Royal Jelly Extract 0.01% Arginine 0.01% Sodium Hyaluronate 0.001% Butyrospermum Parkii (Shea) Butter 0.01% Butylene Glycol 0.01% Alcohol 0.01% Tocopherol 0.01% Polyquaternium-10 0.50% Tetrasodium EDTA 0.10% Citric Acid 0.30% Alcohol Denat. 0.10% Sodium Benzoate 0.70% Phenoxyethanol 0.50% Fragrance 0.50% Caramel 0.03%",https://www.hebe.pl/deve-zapas-szamponu-do-wlosow-350-ml-000000000000490671.html
77,so!flow,26,"Aqua,Sodium Laureth Sulfate,Cocamidopropyl Betaine,PPG-3 Caprylyl Ether,PEG-12 Dimethicone,Coco Glucoside,Glyceryl Oleate,Citrus Junos Fruit Extract,Astragalus Membranaceus Root Extract,Hydrolyzed Jojoba Esters,Inulin,Hydrolyzed Vegetable Protein PG-Propyl Silanetriol,Polyquaternium-10,Sodium Lauroyl Methyl Isethionate,Hydrogenated Palm Glycerides Citrate,Citric Acid,Glycerin,Disodium EDTA,Trisodium Ethylenediamine Disuccinate,Tocopherol,Butylene Glycol,Sodium Chloride,Parfum,Sodium Benzoate,Potassium Sorbate,Limonene,Hexyl Cinnamal,CI 19140,CI 42090",https://www.hebe.pl/soflow-szampon-do-wlosow-kreconych-400-ml-000000000000410514.html
78,Pharmaceris H H-Keratineum,38,"Wyciąg z czerwonych liści winorośli – odżywia cebulki włosów.  Flawonoidy – grupa aktywnych związków roślinnych o wszechstronnej aktywności biologicznej, wykazująca zwiększone pochłanianie promieniowania ultrafioletowego, chroniąc włosy przed niekorzystnym wpływem czynników zewnętrznych. Wspomagają odporność cebulek włosowych, przyspieszając ich naturalny wzrost.  Prowitamina B5 – o właściwościach kojących i łagodzących, stymuluje wzrost i odnowę komórek włosa. Wykazuje działanie naprawcze i regenerujące struktury włosa. Chroni przed niekorzystnym działaniem czynników zewnętrznych. Camelia sinesis – o działaniu antybakteryjnym, zmniejsza nadmierną produkcję łoju oraz odżywia i wzmacnia włosy.",https://www.hebe.pl/pharmaceris-skoncentrowany-szampon-wzmacniajacy-lodyge-wlosa-do-wlosow-oslabionych-i-przerzedzonych-250-ml-000000000000225435.html
79,Anwen Hair Me More,37,"Aqua, Decyl Glucoside, Caprylyl/Capryl Glucoside, Sodium Laurylglucosides Hydroxypropylsulfate, Aloe Barbadensis Leaf Juice, Xanthan Gum, Hydrolyzed Rice Protein, Glycerin, Amaranthus Caudatus Seed Extract, Dipotassium Glycyrrhizinate, Zea Mays Starch, Glucose, Gluconolactone, Parfum, Potassium Sorbate, Citric Acid, Sodium Chloride, Decyl Alcohol, Benzyl Alcohol, Caprylyl Alcohol, Phenoxyethanol, Phenethyl Alcohol, Caprylyl Glycol, Calcium Gluconate, Tocopherol, Sodium Benzoate",https://www.hebe.pl/anwen-oczyszczajacy-szampon-do-wlosow-200-ml-000000000000410297.html
80,Dermedic Capilarte,39,"Aqua, Sodium Laureth Sulfate, Cocamidopropyl Betaine, Coco-Glucoside, Glycerin, Sorbitol, Sodium PCA, Sodium Lactate, Caprylyl Glycol, Panthenol,  Polyquaternium-7, PEG-7 Glyceryl Cocoate, Niacinamide, Calcium Pantothenate, Sodium Ascorbyl Phosphate, Tocopheryl Acetate, Pyridoxine HCl, Maltodextrin, Sodium Starch Octenylsuccinate, Silica, Butylene Glycol , PPG-26-Buteth-26, PEG-40 Hydrogenated Castor Oil, Apigenin, Oleanolic Acid, Biotinoyl Tripeptide-1, Zinc PCA, Guar Hydroxypropyltrimonium Chloride, Citric Acid, Sodium Chloride, Parfum, Benzyl Benzoate, Benzyl Salicylate, Butylphenyl Methylpropional, Linalool, Potassium Sorbate, Sodium Benzoate.",https://www.hebe.pl/dermedic-szampon-wzmacniajacy-hamujacy-wypadanie-wlosow-300ml-000000000000303802.html
81,Pantene Pro-V Intensive Repair 3w1,17,"Aqua, Sodium Laureth Sulfate, Cocamidopropyl Betaine, Sodium Citrate, Sodium Xylenesulfonate, Sodium Lauryl Sulfate, Glycol Distearate, Sodium Chloride, Stearyl Alcohol, Parfum, Dimethiconol, Cetyl Alcohol, Sodium Benzoate, Dimethicone, Citric Acid, Sodium Salicylate, Guar Hydroxypropyltrimonium Chloride, TEA-Dodecylbenzenesulfonate, Sodium Hydroxide, Trideceth-10, Panthenol, Tetrasodium EDTA, Hexyl Cinnamal, Histidine, Triethylene Glycol, Propylene Glycol, Benzyl Alcohol",https://www.hebe.pl/pantene-szampon-do-wlosow-suchych-i-zniszczonych-325-ml-000000000000573054.html
82,L'biotica Biovax Trychologic,22,"Aqua,Sodium Laureth Sulfate,Cocamidopropyl Betaine,Glycerin,Lauryl Glucoside,Glyceryl Caprylate/Caprate,Hydrolyzed Vegetable Protein PG-Propyl Silanetriol,Arginine,Biotin,Acetyl Tetrapeptide-3,Urea,Trifolium Pratense Flower Extract,Magnesium Aspartate,Zinc Gluconate,Copper Gluconate,Hydroxypropyl Guar Hydroxypropyltrimonium Chloride,Cetrimonium Chloride,1.2-Hexanediol,Butylene Glycol,Citric Acid,Sodium Citrate,Sodium Benzoate,Potassium Sorbate,Dextran,Disodium Phosphate,Hydroxyacetophenone,Phenoxyethanol,Parfum,hexyl cinnamal",https://www.hebe.pl/lbiotica-biovax-szampon-do-wlosow-i-skory-glowy-przeciw-wypadaniu-200-ml-000000000000453884.html
83,Ziaja med Kuracja Przeciwłupieżowa,11,"Aqua (Water), Sodium Laureth Sulfate, Cocamidopropyl Betaine, Zinc Coceth Sulfate, Piroctone Olamine, Guar Hydroxypropyltrimonium Chloride, Panthenol, Allantoin, Propylene Glycol, Mentha Piperita (Peppermint) Leaf Extract, Salix Alba (Willow) Bark Extract, Sodium Chloride, PEG-7 Glyceryl Cocoate, Sodium Benzoate, Mentha Arvensis Leaf Oil, Lactic Acid.",https://www.hebe.pl/ziaja-med-przeciwlupiezowy-szampon-do-wlosow-300-ml-000000000000249283.html
84,L'Oréal Paris Elseve Bond Repair,24,"Aqua/Water, Cetearyl Alcohol, Glycerin, Behentrimonium Chloride, Stearyl Alcohol, Citric Acid, Cetyl Esters, Sodium Citrate, Hydroxypropyl Guar, Phenoxyethanol, Polyquaternium-10, Polysorbate 20, Limonene, Linalool, Isopropyl Alcohol, Hexyl Cinnamal, Parfum/Fragrance. (F.I.L. Z70015080/1).",https://www.hebe.pl/loreal-paris-pre-szampon-naprawczy-do-wlosow-200-ml-000000000000434040.html
85,LaQ Zapach Seksu i Biznesu,7,"Aqua, Sodium Coco-Sulfate, Coco-Glucoside, Cocamidopropyl Betaine, Glycerin, Sodium Cocoyl Isethionate, Glyceryl Oleate, Piper Nigrum Fruit Extract, Elettaria Cardamomum Seed Extract, Urtica Dioica Leaf Extract, Rosmarinus Officinalis Leaf Extract, Cucumis Sativus Fruit Extract, Citrus Limon Fruit Extract, Mentha Piperita Herb Extract, Camellia Sinensis Leaf Extract, Citrus Grandis Fruit Extract, Sodium Chloride, Sodium Benzoate, Potassium Sorbate, Citric Acid, Parfum, Benzyl Salicylate, Limonene, Tetramethyl Acetyloctahydronaphthalenes.",https://www.hebe.pl/laq-meski-szampon-do-wlosow-100-ml-000000000000591658.html
86,Pantene Pro-V Volume&Body,18,"Aqua, Sodium Laureth Sulfate, Cocamidopropyl Betaine, Sodium Xylenesulfonate, Sodium Chloride, Parfum, Citric Acid, Sodium Benzoate, Sodium Citrate, Sodium Salicylate, Hydroxypropyl Methylcellulose, Sodium Hydroxide, Panthenol, Tetrasodium EDTA, Hexyl Cinnamal, Histidine, Glyoxal",https://www.hebe.pl/pantene-szampon-do-wlosow-zwiekszajacy-objetosc-400ml-000000000000230352.html
87,Luxliss Keratin & Collagen,59,WATER COCAMIDOPROPYL BETAINE GLYCERIN WATER SODIUM C14-16 OLEFIN SULFONATE POLYQUATERNIUM-7 WATER ACRYLATES COPOLYMER SODIUM COCOYL ISETHIONATE COCAMIDE MEA GLYCOL DISTEARATE PARFUM GLYCERIN BENZYL ALCOHOL PHENOXYETHANOL GLYCERYL LAURATE SODIUM BENZOATE TETRASODIUM EDTA PPG-28-BUTETH-35 PEG-14M ALOE BARBADENSIS LEAF EXTRACT BUTYLENE GLYCOL CHAMOMILLA RECUTITA (MATRICARIA) FLOWER EXTRACT PHENOXYETHANOL WATER WATER BETA VULGARIS (BEET) ROOT EXTRACT HYDROLYZED CORN STARCH SCLEROCARYA BIRREA SEED OIL CRAMBE ABYSSINICA SEED OIL WATER BUTYLENE GLYCOL PORTULACA OLERACEA EXTRACT CHENOPODIUM QUINOA SEED EXTRACT MACADAMIA TERNIFOLIA SEED OIL TOCOPHERYL ACETATE WATER SODIUM HYALURONATE,https://www.hebe.pl/luxliss-naprawczy-szampon-do-wlosow-500-ml-000000000000372316.html
88,DX2,25,"Aqua, Sodium Laureth Sulfate, Aloe Barbadensis Leaf Juice, Coco-Glucoside, Cocamidopropyl Betaine, Glycerin, Sodium Benzoate/ Potassium Sorbate, Butylene Glycol/ Glycine Soja Germ Extract/ Triticum Vulgare Germ Extract, PEG-4 Rapeseedamide, Sodium Chloride, Parfum, Guar Hydroxypropultrimonium Chloride, PEG-120 Methyl Glucose Trioleate/ Propylene Glycol, Citric Acid, Limonene, Linalool",https://www.hebe.pl/dx2-szampon-przeciw-wypadaniu-wlosow-dla-mezczyzn-150ml-000000000000253486.html
89,Bandi Professional Tricho Esthetic,56,"Aqua/Water, Cocamidopropyl Betaine, Glycerin, Polyglyceryl-3 Betainate Acetate, Sodium Lauroyl Methyl Isethionate, Sodium Methyl Oleoyl Taurate, Lauryl Glucoside, Coco-Glucoside, Caffeine, Apigenin, Biotinoyl Tripeptide-1, Oleanolic Acid, Wheat Amino Acids, Soy Amino Acids, Arginine HCl, Serine, Threonine, PEG-40 Hydrogenated Castor Oil, PPG-26-Buteth-26, Rosmarinus Officinalis (Rosemary) Leaf Extract, Lavandula Angustifolia (Lavender) Flower/Leaf/Stem Extract, Camellia Sinensis Leaf Extract, Rubus Idaeus (Raspberry) Fruit Extract, Salvia Officinalis (Sage) Leaf Extract, Cucumis Melo (Melon) Fruit Extract, Vaccinium Macrocarpon (Cranberry) Fruit Extract, Citrus Limon (Lemon) Peel Extract, Pyrus Malus (Apple) Fruit Extract, Glyceryl Laurate, Decyl Glucoside, Maltodextrin, Xanthan Gum, Hydroxyethylcellulose, Tetrasodium Glutamate Diacetate, Butylene Glycol, Caprylyl Glycol, 1,2-Hexanediol, Hydroxyacetophenone, Citric Acid, Sodium Hydroxide , Triethyl Citrate, Sodium Chloride, Benzyl Alcohol, Phenoxyethanol, Potassium Sorbate, Sodium Benzoate",https://www.hebe.pl/bandi-szampon-do-wlosow-przeciw-wypadaniu-230-ml-000000000000387011.html
90,Yumi Gruszkowe Wygładzenie,22,"Aqua, Sodium Coco-Sulfate, Cocamidopropyl Betaine, Lauryl Glucoside, Aloe Barbadensis Leaf Juice, Pyrus Communis Fruit Extract, Glycerin, Hydrogenated Vegetable Glycerides Citrate, Olive Oil Polyglyceryl-4 Esters, Vitis Vinifera Fruit Extract, Rubus Idaeus Fruit Extract, Citrus Grandis Fruit Extract, Coco-Glucoside, Glyceryl Oleate, Tocopherol, Gluconolactone, Hydroxypropyl Guar Hydroxypropyltrimonium Chloride, Lactic Acid, Disodium EDTA, Citric Acid, Sodium Chloride, Parfum, Sodium Benzoate, Potassium Sorbate.",https://www.hebe.pl/yumi-wygladzajacy-szampon-do-wlosow-300-ml-000000000000407741.html
91,Schauma Hi Lovely,13,"Butane, Propane, Alcohol denat., Oryza Sativa (Rice) Starch, Isobutane, Silica Dimethyl Silylate, Citrus Aurantium Amara (Bitter Orange) Flower Extract, Lavandula Angustifolia (Lavender) Flower Extract, Sambucus Nigra Flower Extract, Jasminum Officinale (Jasmine) Flower Extract, Prunus Serrulata Flower Extract, Paeonia Officinalis Flower Extract, Helianthus Annuus (Sunflower) Seed Oil, Rosa Damascena Flower Oil, Parfum (Fragrance), Glycine Soja (Soybean) Oil, Aqua (Water, Eau), Hexyl Cinnamal, Benzyl Alcohol, Linalool, Cetrimonium Chloride, Citronellol, Limonene, Alpha-Isomethyl lonone, Geraniol",https://www.hebe.pl/schauma-suchy-szampon-do-wlosow-normalnych-150-ml-000000000000412103.html
92,Sessio Hair Vege Coctail,17,"Aqua, Sodium Lauroyl Methyl Isethionate, Cocamidopropyl Betaine, Glycerin, Vaccinium Macrocarpon Fruit Extract, Phenoxyethanol, Polysorbate 20, Parfum, Persea Gratissima Oil, Polyquaternium-10, Ascorbyl Palmitate, Sodium Benzoate, Caprylyl Glycol, Citric Acid, Gluconolactone, Potassium Sorbate, Phenethyl Alcohol, Calcium Gluconate, Benzyl Alcohol.",https://www.hebe.pl/sessio-nawilzajacy-szampon-do-wlosow-awokadozurawina-300-g-000000000000490718.html
93,Tołpa Dermo Hair Łupież,25,"Aqua, Cocamidopropyl Betaine, Lauryl Glucoside, Parfum, Sodium Chloride, Betaine, Peat Extract, Glycerin, Salix Alba Bark Extract, Avena Sativa Kernel Extract, Panthenol, 4-Terpineol, Isoamyl Laurate, Glycolic Acid, Lactic Acid, Citric Acid, Salicylic Acid, Sodium Phytate, Sodium Hydroxide, Glycol Distearate, Coco-Glucoside, Glyceryl Oleate, Acrylates/C10-30 Alkyl Acrylate Crosspolymer, Glyceryl Stearate, Glyceryl Caprylate, Triethyl Citrate, Sodium Benzoate, Caprylyl Glycol, Methylpropanediol, Benzoic Acid, Potassium Sorbate.",https://www.hebe.pl/tolpa-trychologiczny-szampon-przeciwlupiezowy-do-wlosow-250-ml-000000000000376743.html
94,Head&Shoulders Menthol Fresh,25,"Aqua, Sodium Laureth Sulfate, Sodium Xylenesulfonate, Cocamidopropyl Betaine, Sodium Citrate, Parfum, Citric Acid, Cocamide MEA, Glycol Distearate, Piroctone Olamine, Dimethiconol, Menthol, Sodium Chloride, Guar Hydroxypropyltrimonium Chloride, Dimethicone, Sodium Benzoate, TEA-Dodecylbenzenesulfonate, Sodium Salicylate, Tetrasodium EDTA, Sodium Hydroxide, Trideceth-10, Glycerin, Hexyl Cinnamal, Linalool, Niacinamide, Panthenol, Tocopheryl Acetate, Acetic Acid, Benzyl Alcohol, Triethylene Glycol, Propylene Glycol, CI 42090, CI 17200",https://www.hebe.pl/head-shoulders-szampon-do-wlosow-400ml-000000000000270819.html
96,Vichy Dercos Aminexil Clinical 5,184,"Aqua/Water, Alcohol Denat. , Diaminopyrimidine Oxide, Acrylates/Beheneth,25 Methacrylate Copolymer, Aminomethyl Propanol, Arginine, Bht, Caffeine, Lactic Acid, Niacinamide, Peg,40 Hydrogenated Castor Oil, Piroctone Olamine, Pyridoxine Hcl, Safflower Glucoside, Sodium Citrate, Tocopherol , Parfum/Fragrance",https://www.hebe.pl/vichy-kuracja-przeciw-wypadaniu-wlosow-o-kompeksowym-dzialaniu-6x21ml-000000000000302628.html
98,Mustela,31,"AQUA/WATER/EAU, GLYCERIN, COCAMIDOPROPYL BETAINE, SODIUM MYRETH SULFATE, COCO-GLUCOSIDE, GLYCERYL CAPRYLATE, PEG-150 DISTEARATE, PARFUM (FRAGRANCE], POLYQUATERNIUM-10, PANTHENOL, CITRIC ACID, POTASSIUM SORBATE, BUTYLENE GLYCOL, CHAMOMILLA RECUTITA (MATRICARIA) FLOWER EXTRACT, PERSEA GRATISSIMA (AVOCADO) FRUIT EXTRACT, CARAMEL.",https://www.hebe.pl/mustela-delikatny-szampon-do-wlosow-dla-dzieci-200-ml-000000000000429510.html
99,Schauma For Men,13,"Aqua (Water, Eau), Sodium Laureth Sulfate, Sodium Chloride, Cocamidopropyl Betaine, Humulus Lupulus (Hops) Cone Extract, Sodium Benzoate, Coco-Glucoside, Glyceryl Oleate, Citric Acid, Parfum (Fragrance), Glycol Distearate, Laureth-4, PEG-7 Glyceryl Cocoate, Hydrogenated Castor Oil, Hydroxypropyl Guar Hydroxypropyltrimonium Chloride, Propylene Glycol, Ethoxydiglycol, Hexyl Cinnamal, Linalool, Limonene, Sodium Hydroxide, Benzyl Alcohol, Potassium Sorbate",https://www.hebe.pl/schauma-for-men-szampon-do-wlosow-dla-mezczyzn-400ml-000000000000217562.html
100,Seboradin Oily Hair,25,"Aqua,Sodium Laureth Sulfate,Sodium Chloride,Cocamide DEA,Glycol Distearate,Cocamidopropyl Betaine,Alcohol Denat.,Raphanus Sativus Root Extract,Chamomilla Recutita (Matricaria) Flower Extract,Urtica Dioica (Nettle) Extract,Tussilago Farfara (Coltsfoot) Leaf Extract,Equisetum Arvense Leaf Extract,Aesculus Hippocastanum (Horse Chestnut) Seed Extract,Rosmarinus Officinalis (Rosemary) Leaf Extract,Salvia Officinalis (Sage) Leaf Extract,Melissa Officinalis Leaf Extract,Lauryl Glucoside,Disodium EDTA,Propylene Glycol,Ethoxydiglycol,Glucose,Tetrasodium EDTA,Caramel,Quaternium-80,Panthenol,Pinus Sylvestris Leaf Oil,Melaleuca Alternifolia Leaf Oil,Thymol,Lactic Acid,Triethylene Glycol,Magnesium Nitrate,Magnesium Chloride,Citric Acid,Glycerin,Alcohol,Parfum,Limonene,Linalool,Sodium Benzoate,Potassium Sorbate,Benzyl Alcohol,Methylchloroisothiazolinone,Methylisothiazolinone,DMDM Hydantoin",https://www.hebe.pl/seboradin-szampon-do-wlosow-przetluszczajacych-sie-200ml-000000000000226692.html
101,Dermedic Capilarte Sebu-Balance,41,"Aqua, Sodium Laureth Sulfate, Cocamidopropyl Betaine, Coco-Glucoside, Decyl Glucoside, Cetrimonium Chloride, Niacinamide, Biotin, Apigenin, Panthenol, Zinc PCA, Betula Alba Juice, Glycerin, Oleanolic Acid, Biotinoyl Tripeptide-1, Salicylic Acid, Sodium Citrate, Citric Acid, Butylene Glycol, PPG-26-Buteth-26, PEG-40 Hydrogenated Castor Oil, Sodium Chloride, Phenoxyethanol, Potassium Sorbate, Sodium Benzoate, Parfum",https://www.hebe.pl/dermedic-szampon-przywracajacy-rownowage-mikrobiomu-skory-do-wlosow-nadmiernie-przetluszczajacych-sie-300-ml-000000000000470105.html
102,DX2,25,"Aqua, Sodium Laureth Sulfate, Sodium Lauroyl Methyl Isethionate, Acrylates Copolymer, Propylene Glycol, Aloe Barbadensis Leaf Juice, Propylene Glycol/ Alcohol Denat./ Faex Extract, Polyquaternium-7, Methylpropanediol/ Caprylyl Glycol/ Phenylpropanol, PEG-4 Rapeseedamide, Panthenol, Acrylates/C10-30 Alkyl Acrylate Crosspolymer, Piroctone Olamine, Sodium Lactate/ Sodium PCA/ Glycine/ Fructose/ Urea/ Niacinamide/ Inositol/ Lactic Acid, Glycerin/ Propylene Glycol/ Bacillus Ferment, Olive Oil PEG-8 Esters, Climbazole, Sodium Hydroxide, Disodium EDTA, Parfum, Limonene, Linalool",https://www.hebe.pl/dx2-przeciwlupiezowy-szampon-do-wlosow-150-ml-000000000000273817.html
103,so!flow,26,"Aqua,Sodium Laureth Sulfate,Cocamidopropyl Betaine,PPG-3 Caprylyl Ether,PEG-12 Dimethicone,Coco Glucoside,Glyceryl Oleate,Hydrolyzed Jojoba Esters,Rhodiola Rosea Root Extract,Rubus Villosus Fruit Extract,Prunus Domestica Fruit Extract,Inulin,Hydrolyzed Vegetable Protein PG-Propyl Silanetriol,Polyquaternium-10,Sodium Lauroyl Methyl Isethionate,Hydrogenated Palm Glycerides Citrate,Citric Acid,Glycerin,Disodium EDTA,Trisodium Ethylenediamine Disuccinate,Tocopherol,Sodium Chloride,Parfum,Sodium Benzoate,Potassium Sorbate,CI 19140,CI 17200,CI 42090",https://www.hebe.pl/soflow-rewitalizujacy-szampon-do-wlosow-400-ml-000000000000410517.html
104,Vichy Dercos,65,"AQUA/WATER, SODIUM LAURETH SULFATE, CITRIC ACID, DISODIUM COCOAMPHODIACETATE, GLYCOL DISTEARATE, SODIUM CHLORIDE, AMMONIUM HYDROXIDE, CARBOMER, DIAMINOPYRIMIDINE OXIDE, DISODIUM RICINOLEAMIDO MEA SULFOSUCCINATE, HEXYLENE GLYCOL, NIACINAMIDE, PANTHENOL, PEG-55 PROPYLENE GLYCOL OLEATE, POLYQUATERNIUM-10, PROPYLENE GLYCOL, PYRIDOXINE HCI, SALICYLIC ACID, SODIUM BENZOATE, SODIUM GLYCOLATE, SODIUM HYDROXIDE, PARFUM/FRAGRANCE.",https://www.hebe.pl/vichy-szampon-do-wlosow-200ml-000000000000225639.html
105,Syoss Oleo Intense,19,"Aqua (Water, Eau), Sodium Laureth Sulfate, Sodium Chloride, Cocamidopropyl Betaine, Sunflower Seed Oil PEG-8 Esters, Hydrolyzed Keratin, Sodium Benzoate, Parfum (Fragrance), Coco-Glucoside, Glyceryl Oleate, PEG-7 Glyceryl Cocoate, Citric Acid, Hydroxypropyl Guar Hydroxypropyltrimonium Chloride, PEG-40 Hydrogenated Castor Oil, PEG-120 Methyl Glucose Dioleate, Linalool, Tetramethyl Acetyloctahydronaphthalenes, Propylene Glycol, Linalyl Acetate, Sodium Hydroxide, Limonene, Benzyl Alcohol, Camellia Oleifera Seed Oil, Calophyllum Inophyllum Seed Oil, Perilla Frutescens Seed Oil, Prunus Serrulata Flower Extract, CI 47005, CI 15985 (Yellow 6)",https://www.hebe.pl/syoss-szampon-do-wlosow-suchych-i-matowych-440-ml-000000000000438683.html
108,Venita Cebula,12,"AQUA, SODIUM LAURETH SULFATE, COCAMIDOPROPYL BETAINE, SODIUM CHLORIDE, PEG-4 RAPESEEDAMIDE, COCO-GLUCOSIDE, CETRIMONIUM CHLORIDE, DICAPRYLYL ETHER, DECYL GLUCOSIDE, GLYCERYL OLEATE, PROPYLENE GLYCOL, GLYCERIN,  ALLIUM CEPA BULB EXTRACT, PANTHENOL, ROSMARINUS OFFICINALIS LEAF EXTRACT, CHAMOMILLA RECUTITA FLOWER EXTRACT, ARNICA MONTANA FLOWER EXTRACT, LAMIUM ALBUM EXTRACT, SALVIA OFFICINALIS LEAF EXTRACT, PINUS SYLVESTRIS BUD EXTRACT, NASTURTIUM OFFICINALE EXTRACT, ARCTIUM MAJUS ROOT EXTRACT, CITRUS LIMON PEEL EXTRACT, HEDERA HELIX LEAF EXTRACT, CALENDULA OFFICINALIS FLOWER EXTRACT, TROPAEOLUM MAJUS FLOWER EXTRACT, PEG-40 HYDROGENATED CASTOR OIL, CITRIC ACID, METHYLCHLOROISOTHIAZOLINONE, METHYLISOTHIAZOLINONE, PARFUM, CI 17200, CI 16255, CI 42090, HEXYL CINNAMAL, LIMONENE, LINALOOL.",https://www.hebe.pl/venita-trychologiczny-szampon-do-wlosow-przetluszczajacych-sie-z-tendencja-do-wypadania-300-ml-000000000000540658.html
109,Gliss Liquid Silk,17,"Aqua (Water, Eau),Sodium Laureth Sulfate,Sodium Chloride,Cocamidopropyl Betaine,Glycosphingolipids,Hydrolyzed Silk,Sericin,Hydrolyzed Keratin,Parfum (Fragrance),PEG-7 Glyceryl Cocoate,Polyquaternium-10,Sodium Benzoate,PEG-120 Methyl Glucose Dioleate,Coco-Glucoside,Glyceryl Oleate,Citric Acid,PEG-40 Hydrogenated Castor Oil,Glycol Distearate,Hydrogenated Castor Oil,Butylene Glycol,Laureth-4,Prunus Armeniaca (Apricot) Kernel Oil,Propylene Glycol,Sodium Hydroxid,Benzyl Alcohol,Phenoxyethanol,Potassium Sorbate,Methylparaben,Propylparaben",https://www.hebe.pl/gliss-kur-szampon-do-wlosow-400ml-000000000000217458.html
110,Ziaja Yego Czerwony Cedr,11,"Aqua (Water), Cocamidopropyl Betaine, Disodium Laureth Sulfosuccinate, Decyl Glucoside, Glycerin, Laureth-2, Guar Hydroxypropyltrimonium Chloride, Niacinamide, Calcium Pantothenate, Sodium Ascorbyl Phosphate, Tocopheryl Acetate, Pyridoxine HCl, Maltodextrin, Sodium Starch Octenylsuccinate, Silica, C12-13 Alkyl Lactate, PEG-120 Methyl Glucose Dioleate, Sodium Benzoate, Parfum (Fragrance), Limonene, Citronellol, Coumarin, Citric Acid.",https://www.hebe.pl/ziaja-odswiezajacy-i-oczyszczajacy-zel-pod-prysznic-z-szamponem-o-zelowej-konsystencji-400-ml-000000000000422462.html
112,Herbaria Banfi,33,"Aqua, Sodium Laureth Sulfate, Glycerin, Cocamidopropyl Betaine, Cocamide-DEA, Coco-Glucoside, PEG-7 Glyceryl Cocoate, Alcohol, Parfum, Cochlearia Armoracia Extract (ekstrakt z chrzanu), Sodium Chloride, Sorbitan Caprylate, Panthenol, Glyceryl Oleate, Propanediol, Benzoic Acid, Citric Acid, Juniperus Communis Extract (ekstrakt z jałowca), Brassica Alba Extract (ekstrakt z gorczycy), PEG-40 Hydrogenated Castor Oil, Origanum Majorana Extract (ekstrakt z majeranku), Phenoxyethanol, Ethylhexylglycerin, Tocopherol, Hydrogenated Palm Glycerides Citrate, Cl 42051, Cl 19140, Limonene, Linalool, Hexyl Cinnamal, Citral, Geraniol.",https://www.hebe.pl/herbaria-oczyszczajacy-szampon-do-wlosow-250-ml-000000000000428721.html
115,L'biotica Biovax Trychologic,22,"Aqua,Sodium Laureth Sulfate,Lauryl Glucoside,Cocamidopropyl Betaine,Glycerin,Sorbitol,Piroctone Olamine,Coco- Glucoside,Glyceryl Oleate,PEG-7 Glyceryl Cocoate,Cetrimonium Chloride,Polyquaternium-10,Lactobacillus Ferment,Panthenol,Tocopherol,succinic acid,Hydroxyethyl Urea,Xylitylglucoside,Anhydroxylitol,Xylitol,Hydrogenated Palm Glycerides Citrate,Lecithin,Ascorbyl Palmitate,Citric Acid,TETRASODIUM GLUTAMATE DIACETATE,Sodium Benzoate,Potassium Sorbate,Parfum,Geraniol,hexyl cinnamal",https://www.hebe.pl/lbiotica-biovax-szampon-do-wlosow-i-skory-glowy-przeciw-lupiezowi-200-ml-000000000000453665.html
116,Yolyn Wow,24,"Aqua (Water), Sodium Cocoyl Isethionate, Cocamidopropyl Betaine, Lauryl Glucoside, Sodium Chloride, Dimethiconol, Parfum (Fragrance), Sodium Benzoate, Citric Acid, Quaternium-80, Potassium Sorbate, Tetrasodium Glutamate Diacetate, Prunus Amygdalus Dulcis (Sweet Almond) Oil, Persea Gratissima (Avocado) Oil, Panthenol, PEG-7 Glyceryl Cocoate, Hexamethylindanopyran, Caprylyl/Capryl Glucoside, Vanillin, Trehalose, Propylene Glycol, Phenoxyethanol, Benzyl Alcohol, Hydrolyzed Oat Protein, Hydrolyzed Keratin, Gluconolactone, Dipotassium EDTA, Phenethyl Alcohol, Caprylyl Glycol, Calcium Gluconate, Tocopherol",https://www.hebe.pl/yolyn-wygladzajacy-szampon-do-wlosow-450-ml-000000000000595620.html
119,Hebe Cosmetics Hydrating Shampoo,9,"Aqua, Sodium Coco-Sulfate, Glycerin, Decyl Glucoside, Cocamidopropyl Betaine, Lauryl Glucoside, Coco-Glucoside, Glyceryl Oleate, Aloe Barbadensis Leaf Juice, Cananga Odorata Flower Extract, Nelumbo Nucifera Flower Extract, Parfum, Citric Acid, Sodium Benzoate, Potassium Sorbate, Propylene Glycol.",https://www.hebe.pl/hebe-cosmetics-nawilzajacy-szampon-do-wlosow-400-ml-000000000000408102.html
120,Kundal Honey & Macadamia,69,"Water,Disodium Laureth Sulfosuccinate,Glycerin,Lauryl Glucoside,Lauryl Betaine,Decyl Glucoside,1,2-Hexanediol,Honey Extract,Macadamia Ternifolia Seed Extract,Hydrolyzed Keratin,Hydrolyzed Silk,Milk Protein Extract,Copper Tripeptide-1,Butyrospermum Parkii (Shea) Butter,Argania Spinosa Kernel Oil,Simmondsia Chinensis (Jojoba) Seed Oil,Cocos Nucifera (Coconut) Oil,Persea Gratissima (Avocado) Oil,Diospyros Kaki Fruit Extract,Camellia Japonica Leaf Extract,Ceratonia Siliqua (Carob) Fruit Extract,Centella Asiatica Extract,Camellia Sinensis Leaf Extract,Polygonum Cuspidatum Root Extract,Scutellaria Baicalensis Root Extract,Glycyrrhiza Glabra (Licorice) Root Extract,Rosmarinus Officinalis (Rosemary) Leaf Extract,Chamomilla Recutita (Matricaria) Flower Extract,Rosa Damascena Flower Extract,Arnica Montana Flower Extract,Sophora Angustifolia Root Extract,Acorus Calamus Root Extract,Polygonum Multiflorum Root Extract,Morus Alba Root Extract,Swertia Japonica Extract,Yucca Schidigera Root Extract,Brassica Campestris (Rapeseed) Sprout Extract,Brassica Oleracea Italica (Broccoli) Sprout Extract,Glycine Soja (Soybean) Sprout Extract,Triticum Vulgare (Wheat) Sprout Extract,Magnolia Kobus Bark Extract,Salix Alba (Willow) Bark Extract,Cinnamomum Cassia Bark Extract,Portulaca Oleracea Extract,Chamaecyparis Obtusa Leaf Extract,Origanum Vulgare Leaf Extract,Lactobacillus/Soybean Ferment Extract,Butylene Glycol,Polyquaternium-10,Sodium Chloride,Sodium Sulfite,Citric Acid,Arginine,Disodium EDTA,Fragrance",https://www.hebe.pl/kundal-odswiezajacy-szampon-do-wlosow-z-bialym-pizmem-500-ml-000000000000365135.html
121,Tołpa Green Wzmacnianie,22,"Aqua, Lauryl Glucoside, Sodium Coco-Sulfate, Glycerin, Polyglyceryl-4 Caprate, Betaine, Cannabis Sativa Seed Oil, Persea Gratissima Oil, Olus Oil, Tocopherol, Peat Extract, Hydroxypropyl Guar Hydroxypropyltrimonium Chloride, Lactic Acid, Parfum, Methylpropanediol, Benzoic Acid, Caprylyl Glycol, Triethyl Citrate, Glyceryl Caprylate.",https://www.hebe.pl/tolpa-szampon-do-wlosow-slabych-zniszczonych-i-pozbawionych-witalnosci-300-ml-000000000000385903.html
122,Dermedic Capilarte,47,"Aqua, Sodium Laureth Sulfate, Cocamidopropyl Betaine, Coco-Glucoside, Sodium Chloride, Caffeine, Glycerin, Panthenol, Polyquaternium-7, PEG-7 Glyceryl Cocoate, Glycol Distearate, Laureth-4, Benzoic Acid, Glycolic Acid, Sodium Lactate, Lactic Acid, Butylene Glycol, PPG-26-Buteth-26, PEG-40 Hydrogenated Castor Oil, Apigenin, Oleanolic Acid, Biotinoyl Tripeptide-1, Malus Domestica Fruit Cell Culture Extract, Xanthan Gum, Lecithin, Phenoxyethanol, Niacinamide, Calcium Pantothenate, Sodium Ascorbyl Phosphate, Tocopheryl Acetate, Pyridoxine HCl, Maltodextrin, Sodium Starch Octenylsuccinate, Silica, Ocimum Basilicum Hairy Root Culture Extract, Alcohol, Zinc PCA, Guar Hydroxypropyltrimonium Chloride, Citric Acid, Parfum, Benzyl Benzoate, Benzyl Salicylate, Butylphenyl Methylpropional, Linalool, Potassium Sorbate, Sodium Benzoate.",https://www.hebe.pl/dermedic-szampon-kuracja-stymulujacy-wzrost-wlosow-300ml-000000000000303799.html
123,Yumi Winogronowa Regeneracja,22,"Aqua, Sodium Coco-Sulfate, Cocamidopropyl Betaine, Aloe Barbadensis Leaf Juice, Vitis Vinifera Fruit Extract, Glycerin, Hydrolyzed Corn Protein, Hydrolyzed Wheat Protein, Hydrolyzed Soy Protein, Leuconostoc/Radish Root Ferment Filtrate, Hydrogenated Vegetable Glycerides Citrate, Rubus Idaeus Fruit Extract, Pyrus Communis Fruit Extract, Citrus Grandis Fruit Extract, Lauryl Glucoside, Coco-Glucoside, Glyceryl Oleate, Tocopherol, Gluconolactone, Hydroxypropyl Guar Hydroxypropyltrimonium Chloride, Lactic Acid, Disodium EDTA, Citric Acid, Sodium Chloride, Parfum, Sodium Benzoate, Potassium Sorbate.",https://www.hebe.pl/yumi-regenerujacy-szampon-do-wlosow-300-ml-000000000000407624.html
124,Tołpa Green Regeneracja,22,"Aqua, Lauryl Glucoside, Sodium Coco-Sulfate, Glycerin, Prunus Armeniaca Kernel Oil, Prunus Amygdalus Dulcis Oil, Olus Oil, Tocopherol, Polyglyceryl-4 Caprate, Betaine, Peat Extract, Hydroxypropyl Guar Hydroxypropyltrimonium Chloride, Lactic Acid, Parfum, Methylpropanediol, Benzoic Acid, Caprylyl Glycol, Triethyl Citrate, Glyceryl Caprylate.",https://www.hebe.pl/tolpa-szampon-do-wlosow-suchych-matowych-i-puszacych-sie-300-ml-000000000000385948.html
125,Gliss Colour Perfector,17,"Aqua (Water, Eau),Sodium Laureth Sulfate,Cocamidopropyl Betaine,PEG-7 Glyceryl Cocoate,Magnesium Chloride,Dimethicone,Vaccinium Macrocarpon (Cranberry) Fruit Extract,Dimethylsilanol Hyaluronate,Glycerin,Hydrolyzed Keratin,Magnesium Citrate,Parfum (Fragrance),Sodium Benzoate,PEG-120 Methyl Glucose Dioleate,Amodimethicone,Citric Acid,Sodium Chloride,Guar Hydroxypropyltrimonium Chloride,PEG-40 Hydrogenated Castor Oil,Hydrogenated Castor Oil,Glycol Distearate,Laureth-4,Prunus Armeniaca (Apricot) Kernel Oil,Laureth-23,Trideceth-10,Sodium Hydroxide,Propylene Glycol,Benzyl Alcohol,Phenoxyethanol,Sodium Salicylate,Potassium Sorbate,Sorbic Acid",https://www.hebe.pl/gliss-kur-szampon-do-wlosow-400ml-000000000000220270.html
